{
  "minimd": {
    "direct_gen": 14.34,
    "stage2_manual_v2": 13.51,
    "stage2_manual_v3": 16.97,
    "delta_vs_v2_pct": 25.610658771280526,
    "delta_vs_direct_pct": 18.340306834030677,
    "benchmark": {
      "cpu_ms": 34.0637,
      "gpu_ms": 2.0068,
      "speedup": 16.97,
      "error": 3.64e-11
    }
  },
  "spmv": {
    "direct_gen": 10.3,
    "stage2_manual_v2": 20.55,
    "stage2_manual_v3": 7.95,
    "delta_vs_v2_pct": -61.31386861313869,
    "delta_vs_direct_pct": -22.81553398058253,
    "benchmark": {
      "cpu_ms": 10.5748,
      "gpu_ms": 1.3298,
      "speedup": 7.95,
      "error": 1.42e-14
    }
  },
  "symgs": {
    "direct_gen": 0.02,
    "stage2_manual_v2": null,
    "stage2_manual_v3": 1.96,
    "note": "multi-color GS != strict GS; suitable=false without algorithm change",
    "benchmark": {
      "cpu_ms": 2.2576,
      "gpu_ms": 1.1548,
      "speedup": 1.96,
      "error": 0.034
    }
  },
  "timestamp": "2026-03-09T19:12:01.717451"
}