{
  "minimd": {
    "direct_gen": 14.34,
    "stage2_manual": 12.88,
    "improvement_pct": -10.181311018131096,
    "benchmark": {
      "cpu_ms": 24.1903,
      "gpu_ms": 1.8787,
      "speedup": 12.88,
      "error": 3.64e-11
    }
  },
  "spmv": {
    "direct_gen": 10.3,
    "stage2_manual": 17.9,
    "improvement_pct": 73.78640776699027,
    "benchmark": {
      "cpu_ms": 2.1955,
      "gpu_ms": 0.1226,
      "speedup": 17.9,
      "error": 1.42e-14
    }
  },
  "symgs": {
    "direct_gen": 0.02,
    "stage2_manual": 2.48,
    "improvement_pct": 12300.0,
    "benchmark": {
      "cpu_ms": 2.4657,
      "gpu_ms": 0.9951,
      "speedup": 2.48,
      "error": 0.0342
    }
  },
  "timestamp": "2026-03-09T17:44:31.397314"
}